Date,Event,Status
4/19/2024, 3:04:39 AM,Server Start,Successful
4/19/2024, 3:05:20 AM,Server Shutdown,Successful
4/19/2024, 3:05:33 AM,Server Start,Successful
4/19/2024, 3:10:22 AM,Server Start,Successful
4/19/2024, 3:12:15 AM,Server Start,Successful
4/19/2024, 3:16:03 AM,Server Start,Successful
4/19/2024, 3:16:32 AM,Server Start,Successful
4/19/2024, 3:20:27 AM,Server Start,Successful
4/19/2024, 3:20:43 AM,Server Start,Successful
4/19/2024, 3:20:58 AM,Server Start,Successful
4/19/2024, 3:21:15 AM,Server Start,Successful
4/19/2024, 3:21:40 AM,Server Start,Successful
4/19/2024, 3:22:08 AM,Server Start,Successful
4/19/2024, 3:22:43 AM,Server Start,Successful
4/19/2024, 3:23:16 AM,Server Start,Successful
4/19/2024, 3:24:04 AM,Server Start,Successful
4/19/2024, 3:24:24 AM,Server Start,Successful
4/19/2024, 3:26:17 AM,Server Start,Successful
4/19/2024, 3:26:48 AM,Server Start,Successful
4/19/2024, 3:32:26 AM,Server Start,Successful
4/19/2024, 3:32:51 AM,Server Start,Successful
4/19/2024, 3:34:32 AM,Server Start,Successful
4/19/2024, 3:38:03 AM,Server Start,Successful
4/19/2024, 3:40:02 AM,Server Start,Successful
4/19/2024, 3:43:29 AM,Server Start,Successful
4/19/2024, 3:44:57 AM,Server Start,Successful
4/19/2024, 3:45:58 AM,Server Start,Successful
4/19/2024, 3:47:48 AM,Server Shutdown,Successful
4/19/2024, 3:47:49 AM,Server Shutdown,Successful
4/19/2024, 3:48:37 AM,Server Start,Successful
4/19/2024, 3:50:54 AM,Server Start,Successful
4/19/2024, 3:53:12 AM,Server Start,Successful
4/19/2024, 3:55:17 AM,Server Start,Successful
4/19/2024, 4:01:58 AM,Server Start,Successful
4/19/2024, 4:03:16 AM,Server Start,Successful
4/19/2024, 4:04:03 AM,Server Start,Successful
4/19/2024, 4:07:10 AM,Server Start,Successful
4/19/2024, 4:07:27 AM,Server Start,Successful
4/19/2024, 4:10:43 AM,Server Start,Successful
4/19/2024, 5:07:31 AM,Server Start,Successful
4/19/2024, 5:11:42 AM,Server Start,Successful
4/19/2024, 5:11:58 AM,Server Start,Successful
4/19/2024, 5:12:24 AM,Server Start,Successful
4/19/2024, 5:12:48 AM,Server Start,Successful
4/19/2024, 5:13:05 AM,Server Start,Successful
4/19/2024, 5:14:28 AM,Server Start,Successful
4/19/2024, 5:15:27 AM,Server Start,Successful
4/19/2024, 5:15:44 AM,Server Start,Successful
4/19/2024, 5:25:10 AM,Server Start,Successful
4/19/2024, 5:26:06 AM,Server Start,Successful
4/19/2024, 5:26:17 AM,Server Start,Successful
4/19/2024, 5:26:45 AM,Server Start,Successful
4/19/2024, 5:27:09 AM,Server Start,Successful
4/19/2024, 5:28:00 AM,Server Start,Successful
4/19/2024, 5:28:44 AM,Server Start,Successful
4/19/2024, 5:30:29 AM,Server Shutdown,Successful
4/19/2024, 5:30:29 AM,Server Shutdown,Successful
4/19/2024, 5:30:47 AM,Server Start,Successful
4/19/2024, 2:24:25 PM,Server Start,Successful
4/19/2024, 2:26:44 PM,Server Start,Successful
4/19/2024, 2:27:53 PM,Server Start,Successful
4/19/2024, 2:28:30 PM,Server Start,Successful
4/19/2024, 2:34:48 PM,Server Start,Successful
4/19/2024, 2:35:07 PM,Server Start,Successful
4/19/2024, 2:37:27 PM,Server Start,Successful
4/19/2024, 2:37:40 PM,Server Start,Successful
4/19/2024, 2:39:54 PM,Server Start,Successful
4/19/2024, 2:42:35 PM,Server Start,Successful
4/19/2024, 2:43:03 PM,Server Start,Successful
4/19/2024, 2:43:49 PM,Server Start,Successful
4/19/2024, 2:44:40 PM,Server Start,Successful
4/19/2024, 2:44:56 PM,Server Start,Successful
4/19/2024, 2:45:26 PM,Server Start,Successful
4/19/2024, 2:45:47 PM,Server Start,Successful
4/19/2024, 2:49:43 PM,Server Start,Successful
4/19/2024, 3:22:41 PM,Server Start,Successful
4/19/2024, 3:28:02 PM,Server Start,Successful
4/19/2024, 3:28:38 PM,Server Start,Successful
4/19/2024, 3:33:28 PM,Server Shutdown,Successful
4/19/2024, 3:33:28 PM,Server Shutdown,Successful
4/19/2024, 3:33:28 PM,Server Shutdown,Successful
4/19/2024, 3:37:34 PM,Server Start,Successful
4/19/2024, 3:37:45 PM,Server Shutdown,Successful
4/19/2024, 3:37:45 PM,Server Shutdown,Successful
4/19/2024, 3:37:45 PM,Server Shutdown,Successful
4/19/2024, 3:37:56 PM,Server Start,Successful
4/19/2024, 3:37:57 PM,Server Shutdown,Successful
4/19/2024, 3:37:57 PM,Server Shutdown,Successful
4/19/2024, 3:37:57 PM,Server Shutdown,Successful
